Stanox,Latitude,Longitude
88601,51.49106117,0.121421935
78371,51.57496566,-3.229838992
78204,51.64471117,-3.327000665
78100,51.71506041,-3.443094566
2071,57.14368687,-2.098692385
3295,56.05458459,-3.30055942
64409,52.54397094,-4.05707623
64506,52.89859828,-4.374183797
76251,51.81669295,-3.009652806
40073,53.29458858,-3.582624979
64607,52.41405892,-4.08190475
29061,53.75298451,-2.369547264
1081,57.60957641,-4.913845978
1079,57.57926812,-5.072327896
12115,55.3070996,-1.65184821
48056,52.63470616,1.543938667
66430,52.4493358,-1.81896948
37001,53.26652072,-2.603125352
72252,51.50871569,-0.26294762
73240,51.51717971,-0.266733294
65614,52.48309876,-1.855939596
4090,55.84340395,-3.606520958
86011,51.37304281,-0.484437587
89514,51.24120434,1.199118429
32575,53.31956955,-2.133561614
30321,53.61325824,-2.603068971
23118,53.57233852,-1.180358965
36086,53.36457989,-2.927154792
36062,53.60204658,-3.042649303
36027,53.473924,-2.956279268
7476,55.78282821,-3.994184302
7327,55.86397347,-3.982901262
12401,55.03595395,-1.711060935
88462,51.43545105,0.125763332
65033,52.6379556,-2.268895994
32581,53.30379498,-2.236797421
74714,51.40196022,-1.137404286
87031,51.24641469,-0.759841693
87985,50.83637601,-0.183793716
54103,51.59792501,-0.120209754
6525,55.86316475,-4.210634131
6123,55.98507505,-4.577466863
56127,53.10044917,-1.369693716
15702,54.52463294,-1.361128628
3375,56.11778172,-3.790047676
1058,57.69437676,-4.249715428
12112,55.39277815,-1.636652996
50027,51.85400994,0.997466523
50305,51.64787458,0.752512836
22075,53.58552024,-0.733185672
1010,58.38813295,-3.7062872
87021,51.15196421,-0.966897886
37225,53.38773129,-2.346888029
66527,52.34608415,-1.967652965
57013,53.06053329,-1.48069488
87957,50.89667069,-0.541969821
70361,51.67420817,-0.607573715
79064,51.79598029,-3.996754493
44101,52.98770787,-0.535617572
7253,55.85989056,-4.270964491
86074,51.21154093,-1.492220666
87644,51.41215056,-0.065859803
51924,51.61240482,-0.048766234
87998,50.81656491,-0.489370043
9033,54.98383928,-3.26258271
6222,55.88934326,-4.321941669
30037,53.74147555,-2.99303141
17050,53.84176234,-1.705833019
9426,54.58035314,-2.486696889
89432,51.03323395,0.816375661
74340,51.63964278,-1.242122888
35050,53.5786856,-2.719251134
71023,51.73252658,-0.462913368
3023,56.5595624,-2.588936509
1041,57.8814344,-4.362090073
6059,56.3019555,-4.721640924
8208,55.63986846,-4.82108768
8198,55.64141243,-4.80118908
8204,55.63970272,-4.812652652
32045,53.47135834,-2.213882066
7259,55.85729766,-4.250679554
6004,56.91252399,-5.839058024
53201,52.02603938,-0.266294054
7324,55.88570421,-3.695404404
9415,54.80947061,-2.772076052
11403,54.20273698,-2.828240965
19019,53.88436173,-0.426578537
6101,56.20396052,-4.722753427
87958,50.84820425,-0.546151217
87103,51.40624223,-0.675815567
74463,51.86734696,-1.564037975
87014,51.24959312,-0.712786911
87041,51.27224391,-0.721630782
51019,51.56810731,0.45681876
32050,53.47165224,-2.1944348
68071,51.99891193,-2.108752512
6245,55.88891525,-4.249199991
87117,51.43650513,-0.468050397
89428,51.14370371,0.876228464
37223,53.35573847,-2.34145895
87683,51.31787079,-0.307547831
32115,53.49128772,-2.094311484
87763,51.12865818,0.152678564
86893,50.88984077,-1.526622975
53011,52.0307802,-0.109760794
11225,54.18893657,-3.204510698
44517,52.9515689,-0.898092968
10021,54.75896139,-3.331875002
62051,52.02124554,-0.6323123
65651,52.50424365,-1.871928722
69009,52.57898738,-1.552802306
35139,53.52915927,-2.478971282
1076,57.39501381,-5.455569164
55202,52.90623078,-1.231410855
48501,52.51456828,1.022371279
8825,55.4702736,-4.295335035
47321,52.00445042,0.207186326
36005,53.55426165,-2.895219043
1144,57.18849562,-3.828866287
82073,51.33964556,-2.281322943
81240,51.50035867,-2.699469996
83466,50.77925904,-3.004729989
70353,51.81389592,-0.815073128
70355,51.83116422,-0.860160038
89309,51.30131507,0.466199676
89515,51.22725736,1.209482455
8618,55.45814215,-4.6258545
38306,53.20879963,-2.891671289
79607,51.61554293,-3.811152702
87102,51.36436586,-0.688644045
17038,53.85023744,-1.753639489
7296,55.8444953,-4.113685548
87963,51.05551615,-0.136906285
53015,51.99287851,-0.187536598
87222,51.44322354,-0.152398816
6121,56.00292551,-4.583468049
3040,56.47455446,-2.838959252
1078,57.48205175,-5.333049542
30133,53.7268808,-2.660771772
34011,53.33901501,-1.689080304
6013,56.84329002,-5.095411977
69424,52.06031717,-1.328117277
40036,53.22229799,-4.135886755
36075,53.43750819,-2.98751078
87677,51.3293457,-0.213133702
8411,55.56105646,-4.651117926
13311,54.97449801,-2.346512941
11711,54.07455031,-2.835328337
7297,55.85128548,-4.073795305
78351,51.69231065,-3.22968916
51531,51.53949407,0.080929526
43306,52.94288684,-2.168110018
89402,51.28489218,0.478987677
64414,52.72290492,-4.056603599
88422,51.46495763,0.159673262
87149,51.46708465,-0.242140873
87150,51.4720071,-0.25260704
21415,53.57514047,-0.409683472
86451,50.83089553,-0.639658515
6523,55.87748347,-4.222990965
24385,53.55431756,-1.477166
83222,51.07396451,-4.063140034
66525,52.36110128,-1.992458367
7224,55.80374706,-4.397268078
8645,55.09700979,-4.781760841
21004,53.69743975,-0.392960691
11231,54.11900665,-3.226117089
59009,52.74935348,-1.144835759
78810,51.39678004,-3.284994757
78805,51.40243903,-3.260713567
78817,51.39241079,-3.27337336
3038,56.49313759,-2.74544706
21001,53.68893617,-0.443441276
86066,51.26835509,-1.087245105
89349,51.2897577,0.194254861
81501,51.37768132,-2.357016432
4010,55.89714634,-3.636089001
18437,53.7099547,-1.622955881
15511,54.457691,-1.092985267
87203,51.47695892,-0.14750857
89398,50.91290994,0.494731939
50309,51.62482806,0.565313088
53243,51.75771915,-0.095583383
73502,51.61129235,-0.643802636
66454,52.24442296,-1.75024674
6305,55.917122,-4.332004646
89404,51.27581866,0.577610331
6005,56.8995321,-5.76378254
86896,50.85503795,-1.504740073
1089,57.47826386,-4.469863239
38208,53.35766889,-3.00363449
49103,52.45854454,1.569520563
88472,51.42458037,-0.015924863
62011,52.13619782,-0.47942086
62035,52.12948853,-0.467479262
86339,50.85394535,-0.99581258
81813,51.44008449,-2.594151294
69106,52.47931221,-1.467383857
74816,51.37963628,-1.598773315
55212,52.92077284,-1.20765376
89513,51.26135998,1.136737253
32061,53.46238915,-2.180505543
6701,55.85669806,-4.224359876
88471,51.43291095,-0.019304697
7429,55.81705833,-4.024487858
87675,51.34381172,-0.198829974
57111,53.02377542,-1.482508337
89329,51.20470526,0.403524219
88602,51.49211695,0.152314343
19006,54.12767794,-0.180470253
17054,53.92572712,-1.797433352
51014,51.54394681,0.561740636
11563,54.11552743,-2.510678261
87024,51.18122867,-0.86810998
23115,53.54395463,-1.150950983
84207,50.48558013,-4.200383947
84205,50.45126278,-4.181463298
70421,51.76313936,-0.561989821
69211,52.39589466,-1.642830747
48066,52.58981037,1.630399083
18488,53.62105428,-1.793432947
87170,51.39904273,-0.280690953
88246,50.84037133,0.166045224
12001,55.77433248,-2.010983184
35018,53.62386666,-2.914609676
65707,52.56310696,-1.991099985
87085,51.24818564,-0.266948738
52739,51.52391689,-0.059541156
40061,53.09208073,-3.800865867
19023,53.84229102,-0.422987908
88275,50.84103615,0.477046655
88463,51.44021793,0.147928779
88421,51.46349868,0.133762124
69502,51.90348899,-1.150363803
74557,51.89302943,-1.148744504
88478,51.40010252,0.045266165
38012,53.40915247,-3.078558857
45611,52.0846894,-0.261163028
65035,52.62373158,-2.186083051
50327,51.62888492,0.418657803
15039,54.60561669,-1.279734248
87951,51.01519743,-0.450276631
55625,52.95420942,-0.951539284
17016,53.84862706,-1.837324833
78387,51.521556,-3.201862418
89479,51.37749657,1.301435901
36716,53.41273335,-2.525308218
88312,51.40388899,-0.055712503
36060,53.63406377,-3.01444691
38200,53.38832883,-3.020820427
38185,53.3947091,-3.013679369
38153,53.39742099,-3.039100027
66412,52.47188576,-1.877763566
69215,52.45081994,-1.725849596
66411,52.47909209,-1.892467528
66409,52.4833682,-1.899083435
15826,54.65720308,-1.67772483
15827,54.65720304,-1.67770933
6443,55.90387155,-4.22490102
83014,51.05458018,-3.19433986
47412,51.86669731,0.164920455
88238,50.78013642,0.082784726
7132,55.90225639,-4.500470053
86216,50.9182098,-1.376989941
29150,53.74652962,-2.479120078
87245,51.51180962,-0.103306268
88416,51.46579479,0.008897643
51555,51.58660552,-0.041209759
30034,53.78796514,-3.053872869
30033,53.79871355,-3.048934526
7328,55.88424595,-3.750787318
30221,53.59153575,-2.569523003
87009,51.33157995,-0.77672369
40066,52.99456259,-3.938601244
3101,56.76553254,-3.850224965
6714,55.86644522,-4.043279173
65343,52.60489912,-1.844907482
65938,52.40641331,-2.176860441
7486,55.79732043,-4.086957913
13403,54.96579396,-1.712593421
55505,53.04138346,-0.943683056
70306,51.99534239,-0.736299323
65519,52.6182146,-2.011471977
65517,52.62545064,-2.017678403
36068,53.48769819,-3.039857511
43503,52.96815883,-2.066959563
85011,50.44584971,-4.662967284
40017,53.20431814,-4.418009727
86441,50.78654719,-0.676157289
7028,55.93703367,-4.711381337
24011,53.51896404,-1.311547714
87072,51.2887349,-0.383997798
11209,54.29130898,-3.39386196
36071,53.45340314,-2.994746312
89401,51.29321599,0.306272399
64604,52.49104119,-4.050186155
86373,50.84273664,-0.847412807
44212,52.97811239,-0.030995295
44511,52.94463426,-0.794837588
74014,51.57711942,-0.710454254
86921,50.72726036,-1.86449449
66503,52.42697597,-1.926417547
62055,52.00430903,-0.696056247
53309,51.60701289,-0.120556692
6203,55.9310715,-4.493825655
87686,51.25400779,-0.328466868
87101,51.41309089,-0.751686679
17019,53.79693761,-1.752964956
18641,53.79108847,-1.74959902
82075,51.34490912,-2.252323873
86295,50.67835848,-1.138711732
50204,51.87539928,0.556715157
50205,51.86942394,0.568463249
32579,53.36062796,-2.163591846
86061,51.33029203,-1.060983334
18654,53.80536274,-1.637210797
49105,52.39545587,1.543839831
13302,54.93239525,-2.702952119
7005,55.9405881,-4.80352799
46264,52.45402424,0.62475586
86927,50.7269512,-1.919748901
10195,54.43936811,-3.541824942
32065,53.42316808,-2.110486466
4088,55.8273075,-3.668118545
87144,51.48754556,-0.309628918
50331,51.61360621,0.299613393
71036,51.70543119,-0.359091797
34201,53.26073569,-1.912861971
3165,56.15662723,-3.957220732
6037,56.51585202,-4.76297764
79791,51.50697267,-3.575291632
7269,55.84895654,-4.226042205
81924,51.12784997,-2.990413184
19007,54.08414985,-0.198733604
29036,53.82399296,-2.236491284
26001,53.54916451,-0.486127705
18455,53.69821088,-1.77944087
87980,50.82899702,-0.141252426
51914,51.65558359,-0.030791003
32064,53.43213123,-2.135118179
81109,51.51379846,-2.542164249
81700,51.44914056,-2.581316872
78349,51.71030408,-3.22872981
79600,51.63789875,-3.819268215
87248,51.46329792,-0.114157681
36602,53.40651765,-2.893483634
32232,53.44098845,-2.01651928
89474,51.36068018,1.43358625
86901,50.81683008,-1.57352264
18492,53.59698567,-1.769692074
87629,51.46464726,-0.037510903
14003,54.95955029,-1.461366548
38218,53.32186095,-2.98689505
38216,53.3299209,-2.989468646
29177,53.61405523,-2.410896839
88482,51.40832558,0.017018585
88477,51.39997423,0.017369834
67003,52.32229821,-2.047338711
72415,51.54516617,-0.20228372
72414,51.54069949,-0.210102842
53995,51.72106441,-0.204525685
86041,51.30375448,-0.635730434
79099,52.42278398,-2.885205776
19213,53.74022731,-0.671834395
19211,53.72697908,-0.578729496
3041,56.46714943,-2.873155592
51722,51.7469138,-0.0110604
51952,51.59395935,-0.06984192
48215,52.61950707,1.439322345
48216,52.6234668,1.418439762
4635,55.94250455,-3.100989514
36082,53.38325584,-2.976076864
82299,51.11163128,-2.447073394
35394,53.49988016,-2.647213734
48213,52.59776184,1.470349151
41019,53.16304988,-3.055925717
79097,52.35739033,-2.947376684
30201,53.67335583,-2.660826584
85231,50.40033578,-4.792141107
79080,52.16933009,-3.427040685
55116,52.99971332,-1.196227126
50109,51.97117159,0.769176529
87971,50.9536494,-0.127385863
17101,53.81204457,-1.577771291
17045,53.90816394,-1.753375554
32522,53.42118113,-2.215676673
11005,54.35498727,-2.766679135
73996,51.52350637,-0.646356014
50304,51.63366171,0.814057863
29043,53.79089068,-2.258086247
29041,53.79352472,-2.24497169
29005,53.78497808,-2.24886762
7553,55.81692081,-4.202375566
3291,56.05707358,-3.23319841
35022,53.60527065,-2.840878973
30157,53.59753351,-2.840604318
86223,50.88367713,-1.305021601
55499,52.9834598,-1.040874341
57712,52.80583155,-1.642454754
46301,52.25377795,0.713335511
7613,55.78033362,-4.262187227
51947,51.64151935,-0.06919476
72003,51.6455845,-0.384725998
72001,51.64575424,-0.385298119
65345,52.59248386,-1.838013136
87768,50.99000763,0.131466042
86022,51.34979339,-0.481369655
79054,51.67203561,-4.098901915
31620,53.57415753,-2.425822609
78719,51.41227744,-3.248905678
41027,53.10787759,-3.032913064
78374,51.57157715,-3.21849202
64312,52.51613705,-3.432503102
7334,55.88793734,-3.887701288
76078,51.58478867,-2.760578391
52058,51.54304142,-0.116703078
84209,50.49778388,-4.209017247
68140,51.71762092,-2.359081486
87099,51.33632543,-0.74425445
85622,50.2104245,-5.297460001
52738,51.53197223,-0.057251933
47221,52.19407869,0.137484678
7411,55.81960056,-4.172994751
72421,51.54179134,-0.138675055
5037,56.00608511,-3.817598342
87568,51.49798944,-0.049693416
69207,52.39925546,-1.547565133
65512,52.68617551,-2.022141339
88403,51.51138218,-0.090266979
52048,51.54873255,-0.092164332
89512,51.27427046,1.075998535
89446,51.28427199,1.075333258
48211,52.57877152,1.513436218
38304,53.26018779,-2.942284291
85713,50.19703882,-5.463314583
3248,56.14124698,-3.261641795
78456,51.46710741,-3.16641163
78420,51.48889804,-3.178691723
77301,51.47602424,-3.179310358
78451,51.48196046,-3.170188998
7154,55.85256175,-4.340677505
6113,55.96037058,-4.653054819
7432,55.80733429,-3.956243043
11331,54.17796288,-2.974063414
55497,52.96510586,-1.078651252
7955,55.73126123,-3.848914064
80419,51.8533598,-4.305983612
7294,55.83433118,-4.158166784
11525,54.12968668,-2.771231099
3031,56.50055204,-2.706606515
6706,55.85486675,-4.178558644
72004,51.62835347,-0.385916631
1138,57.27948514,-3.82820213
87669,51.36845156,-0.166343292
87665,51.3574079,-0.169771809
7962,55.69104359,-3.66846513
7023,55.94220521,-4.731570933
73272,51.52292969,-0.331526387
82301,51.09980716,-2.522796049
16912,53.72409341,-1.354655899
31044,53.5918611,-2.178232148
15517,54.46715531,-0.946664645
87706,51.28213813,-0.078280452
88469,51.44440472,-0.026290689
88311,51.44473875,-0.024765264
7238,55.81766255,-4.260521875
16116,53.99745481,-1.320541179
84417,50.40567553,-4.466483383
41029,53.09881444,-3.03105307
50405,51.56803811,0.128985143
51313,51.4855558,0.287475411
70366,51.6681108,-0.560504119
51011,51.53872111,0.670621419
86108,50.98367452,-1.385159881
32547,53.31224503,-1.918761303
83225,51.01652896,-4.024744662
25307,53.46235277,-1.466275179
50107,51.92591566,0.758530762
89408,51.20809691,0.790361655
6365,55.86467526,-4.269805411
88401,51.50802715,-0.124776774
74454,51.8724338,-1.489677985
88515,51.48681215,0.031283459
89445,51.25726763,1.018069409
33098,53.44617372,-2.368231979
7490,55.76521402,-4.004665064
89007,51.38037611,0.521179669
12109,55.53673113,-1.706391458
32563,53.37594388,-2.188301538
87678,51.3554761,-0.214142445
70319,51.85792493,-0.66212618
32583,53.27032492,-2.280575743
50223,51.73637734,0.46859777
88495,51.35625531,0.109096787
68076,51.89740292,-2.099613332
76079,51.64017934,-2.67191091
29162,53.73288428,-2.518376422
86012,51.38706624,-0.509297836
51815,51.70287824,-0.02393321
87405,51.36403773,-0.300675608
87411,51.35654682,-0.308133728
65605,52.53565934,-1.832471981
13571,54.85460144,-1.578027673
27263,53.23823696,-1.420113706
89486,51.36024352,1.066961267
82315,50.86635297,-2.572926555
86424,50.83204209,-0.781730014
89443,51.24461172,0.975925528
87082,51.21520826,-0.524801787
52731,51.6330862,0.009923359
34001,53.34030423,-1.943939601
75352,51.46248528,-2.115388856
87710,51.30927331,-0.169477117
41407,52.9331,-3.065641949
88483,51.40555491,0.057443388
87148,51.4811353,-0.267812428
74301,51.57020311,-1.158003147
30213,53.65255099,-2.626837715
70368,51.6542506,-0.518298288
87948,51.05067998,-0.363530386
86915,50.73820228,-1.78453902
29063,53.75053397,-2.39121122
16495,53.82661729,-1.227593077
64241,52.53743477,-2.803693811
79085,52.15053733,-3.456549372
87244,51.51393608,-0.103563806
50021,51.79401218,1.154123916
87069,51.26400085,-0.502743819
11565,54.10539623,-2.410379163
87209,51.46547997,-0.132496138
52735,51.5616437,-0.056998275
80199,51.85167648,-4.883577783
7615,55.7893426,-4.275630241
66455,52.27710332,-1.696549384
87189,51.36121074,-0.348224413
21141,53.56192993,-0.029226754
7430,55.80464288,-3.910233618
31565,53.52250494,-2.314744643
81259,51.4645415,-2.61174324
29143,53.87347843,-2.394336904
88319,51.40858382,-0.040630739
80305,51.84054965,-4.73186998
6345,55.90068383,-4.404398525
7312,55.8624999,-4.031885662
7331,55.86682835,-4.028276158
7329,55.86433465,-4.004973511
87074,51.31809746,-0.389323271
65034,52.62730172,-2.20175827
78711,51.44599078,-3.189098827
50049,51.90072311,0.892628596
50041,51.88646529,0.904792409
66230,52.51654061,-1.708169386
44077,53.14410545,-0.750390986
88274,50.83928268,0.457891356
29030,53.85475503,-2.181861223
67217,52.07987676,-2.356946465
40071,53.29637367,-3.725420209
74452,51.832598,-1.394056165
15513,54.48128564,-0.975163967
43013,53.15787026,-2.192579199
24221,53.48932694,-1.234332897
6046,56.45233726,-5.385419965
1101,57.56173284,-4.440403193
17008,53.91758259,-2.012070842
38157,53.39337392,-3.022670405
40045,53.28011645,-3.830528263
88269,50.83336602,0.426888469
74013,51.55746428,-0.722060152
88211,50.90374958,-0.00917533
84415,50.44590592,-4.481886649
83238,50.81445636,-3.751590402
13318,54.96626602,-2.018408997
60011,52.48886599,-0.688321122
7124,55.83749438,-4.334277851
10124,54.54168554,-3.582164813
6010,56.84280863,-5.121942852
6031,56.76019598,-4.690589699
78381,51.52043581,-3.231827709
65807,52.54509619,-2.085771861
65023,52.64484709,-2.300271043
86301,50.8419131,-1.067314601
19031,53.78166779,-0.406439778
17143,53.76783083,-1.587711757
87900,51.31583463,-0.137861394
87713,51.32203928,-0.134438505
69202,52.40082844,-1.513450297
69199,52.44774808,-1.494116565
87761,51.15563253,0.110059288
3256,56.11208403,-3.343184308
65927,52.46966684,-2.090482207
6111,55.9947876,-4.71122469
12136,55.08777296,-1.598609666
83454,50.75007936,-3.42042872
76379,52.44255122,-2.83742091
87931,51.11220792,-0.186645541
88464,51.44827844,0.178962681
83321,50.78329163,-3.646794091
50206,51.85234422,0.577989312
36088,53.35876379,-2.912002686
42140,53.0896396,-2.432969316
83470,50.87352607,-2.778497167
53246,51.68448698,-0.106861344
6058,56.39046376,-4.61841876
64503,52.91842473,-4.237519475
63405,51.55845384,-0.212651857
7555,55.81825083,-4.228310578
88467,51.45518738,-0.036477271
48007,52.93011156,1.292843251
57009,53.11294881,-1.549159217
7118,55.84230656,-4.364659942
17112,53.80492842,-1.451584753
17014,53.85847859,-1.844888956
7573,55.83327922,-4.256796906
76632,51.62090314,-3.126179118
7229,55.8339395,-4.28430289
30153,53.66757429,-2.777747583
51563,51.57130285,-0.117122773
87766,51.04637702,0.188040892
89399,50.88857354,0.501365816
23003,53.58975255,-0.817362283
87006,51.36672599,-0.819256442
6457,55.95567077,-4.035966802
87625,51.41810674,-0.072583817
37069,53.23993283,-2.599304631
53245,51.70872307,-0.109758408
74343,51.65379515,-1.236495152
1037,57.91949463,-4.40427197
7301,55.94201905,-3.980325579
3205,56.31697747,-3.008758333
4114,55.90055935,-3.318749547
89302,51.37392476,0.461737494
78110,51.70193062,-3.413734582
76239,51.65658719,-3.016210457
79078,52.05150557,-3.748222614
51402,51.52608877,0.146131037
35141,53.53946771,-2.515860954
1021,58.01293346,-3.852286372
3298,56.04208801,-3.367719042
6053,56.40117569,-4.983531607
7272,55.84207935,-4.217694624
4201,55.9863118,-3.38161729
6211,55.9119217,-4.42666558
6134,55.94740704,-4.577845286
8101,55.70621508,-4.711059249
9213,54.84618127,-2.988856027
52074,51.5461155,-0.075110799
52046,51.54814809,-0.075674106
11271,54.15424371,-3.179001136
1154,56.93515432,-4.246191273
15515,54.46616521,-0.91097197
78505,51.50050534,-3.233926299
66457,52.32482602,-1.82086845
15866,54.52045752,-1.547332736
25804,53.3846004,-1.412566447
49109,52.27301847,1.523501096
88466,51.44736962,0.219275577
18402,53.5883834,-1.531660242
29173,53.69805008,-2.464937211
87110,51.48307666,-0.579404728
32538,53.39091552,-2.15295648
83605,50.58080611,-3.464638415
83603,50.59869637,-3.44357453
89465,51.2230511,1.398876009
86112,51.04245336,-1.634855333
33088,53.47419866,-2.251049158
87086,51.23880012,-0.324619996
40047,53.29476216,-3.833389964
18472,53.66849624,-1.751898145
37067,53.22878832,-2.666558578
18498,53.57264551,-1.663212655
73450,51.57883783,-0.497415874
73451,51.58059818,-0.517766223
87606,51.46820166,-0.089335032
9443,54.28241843,-2.363602435
32520,53.45688051,-2.1316583
88431,51.4788467,-0.026244064
57403,52.91656458,-1.463350572
49145,52.05056759,1.182673887
84199,50.37851779,-4.170738806
18438,53.69214454,-1.633109863
74313,51.61095537,-1.242874832
83449,50.71397654,-3.473574004
82105,51.24898089,-2.207910973
78014,51.61783524,-3.437551889
78717,51.43166274,-3.218361147
78710,51.44005191,-3.180599401
1091,57.59421687,-4.422197203
15714,54.51473863,-1.467075015
32243,53.44934541,-1.970295751
32543,53.35819718,-2.042480803
49002,52.37367581,1.12372541
84200,50.3821535,-4.175926719
25386,53.54434077,-1.531691966
79093,52.29536017,-3.263623238
88296,50.91858265,0.610004415
40058,53.18636282,-3.822640324
40063,53.05202652,-3.885137218
23421,53.52216791,-1.139847563
86976,50.70928082,-2.437240477
86977,50.71094249,-2.442538829
25704,53.3276505,-1.515296554
87687,51.24092578,-0.324227594
87084,51.23622181,-0.339955542
87757,51.15578669,-0.004280973
66433,52.37208198,-1.752891759
32548,53.30004209,-1.88975039
89611,51.12570547,1.305325414
49415,51.93875033,1.280641287
64401,52.56437239,-3.923910861
46255,52.60412647,0.365699969
73271,51.51661572,-0.330171841
54291,51.5527705,-0.105482581
4821,56.00511709,-2.786053219
19016,54.00154651,-0.434675856
10205,54.37696687,-3.443413698
67012,52.26821555,-2.1583561
25711,53.30138544,-1.468777548
6219,55.90480503,-4.362863553
7009,55.94123996,-4.774746066
7323,55.86734808,-3.948871535
6217,55.90458479,-4.385456953
65642,52.48837564,-1.871385771
65811,52.52466497,-2.049473796
57114,52.98841769,-1.485968347
1072,57.31995108,-5.691304713
6527,55.85843023,-4.213033658
47006,52.201664,0.366692361
6136,55.94664694,-4.56690302
6137,55.94223897,-4.554119332
7127,55.84464253,-4.301224341
9022,55.07255957,-3.604300182
89470,51.34570524,1.425844713
4827,55.99828668,-2.513351487
3161,56.18588135,-3.965478239
86107,51.0339181,-1.547073228
1074,57.33697735,-5.637119901
3054,56.45647514,-2.97120784
3321,56.06818359,-3.452524507
3319,56.08056807,-3.421464979
3106,56.55704527,-3.578396268
8701,55.71187482,-4.532371996
1023,57.98551643,-3.948923922
13523,54.95006074,-1.642056025
89342,51.29648733,0.170965072
13702,54.77939808,-1.58176233
87996,50.81751806,-0.411443728
2042,57.20563352,-2.192327472
64417,52.78886588,-4.104650485
15701,54.52944182,-1.349449139
73253,51.51484074,-0.301729135
35325,53.45115116,-2.637662284
87002,51.4410993,-0.917969045
87250,51.44233528,-0.187690227
66447,52.36659387,-1.861161465
87903,51.22732486,-0.170796996
14006,54.94642132,-1.420327371
32524,53.4093227,-2.22199522
87610,51.46149324,-0.080545821
89322,51.25523466,0.484758853
16603,53.79199246,-1.370540383
87759,51.12626813,-0.017872533
42412,53.09301837,-2.29905756
7231,55.76599785,-4.180213649
89411,51.28580687,0.439309773
56650,52.86251827,-1.263226409
51130,51.48483069,0.412958307
87993,50.82163585,-0.354867876
88254,50.76937126,0.281275733
78713,51.43763388,-3.206146789
6712,55.85975052,-4.107163939
38220,53.30755279,-2.981132064
19218,53.75517984,-0.787635172
89530,51.44297117,0.320950196
76647,51.77669064,-3.202585181
76646,51.75714584,-3.196111617
31739,53.4853737,-2.334513115
48511,52.47090328,0.969942013
36615,53.43080051,-2.780040606
34005,53.36498569,-1.816624616
88325,51.39008858,-0.026328623
87736,51.2084315,0.060672559
87760,51.20007852,0.067199341
36170,53.40263125,-2.946482836
4303,55.95238655,-3.188228909
4039,55.92754413,-3.307662843
51949,51.62492905,-0.061087329
83232,50.88772726,-3.874766917
87107,51.42964491,-0.546493398
15519,54.43749406,-0.761480438
87246,51.49402827,-0.098700021
2007,57.64289272,-3.311242309
38317,53.28220528,-2.89642228
88321,51.39848963,-0.049544013
88468,51.41711577,0.044299909
46404,52.23805557,0.912621768
28001,53.26413179,-1.216393065
25308,53.49867601,-1.427424834
47335,51.92055191,0.228097234
63212,51.65307159,-0.280057408
88418,51.45564213,0.052498834
44514,52.95215572,-0.855507287
50391,51.56864245,0.220139902
86343,50.8516028,-0.938414267
78370,51.58321309,-3.228805975
53301,51.65325505,-0.090669598
51913,51.67092271,-0.028506104
51946,51.65202653,-0.079300851
29175,53.65599089,-2.414542614
87681,51.33438993,-0.268752976
87692,51.3236845,-0.238929596
65606,52.52829731,-1.839502111
87764,51.08896107,0.201459413
88604,51.48166951,0.175081755
86002,51.37988809,-0.353315292
4709,55.88179643,-3.083076621
54295,51.54070571,-0.096249571
89394,51.01054132,0.442384956
72410,51.52813645,-0.133897961
30163,53.66049407,-2.672020608
67351,52.0984068,-1.947304819
87679,51.34529676,-0.241504721
87304,51.3500419,-0.256962007
83431,50.72647176,-3.53329101
83421,50.72926257,-3.543300901
83517,50.71713515,-3.538850964
7275,55.86154442,-4.283574052
83475,50.6216213,-3.414984721
83472,50.66829048,-3.444109557
89345,51.36271745,0.204420358
64413,52.6960558,-4.04942166
32056,53.47130839,-2.145773854
8216,55.75193673,-4.853246289
78507,51.49390591,-3.233848646
88420,51.45915297,0.079331204
5041,56.00260755,-3.785038999
5109,55.99180917,-3.792236117
6050,56.39386897,-5.112456486
88181,50.86212169,-0.08735766
85521,50.15069322,-5.056074479
85515,50.14832627,-5.064981435
86241,50.8530232,-1.192024352
87010,51.30204276,-0.743009324
86042,51.29660321,-0.755707854
87055,51.19714825,-0.604528454
87026,51.21190062,-0.792409826
88480,51.40166366,0.235479939
31569,53.55001806,-2.387847637
63633,51.52016719,-0.105178743
4086,55.82246883,-3.719310237
89501,51.31171504,0.891075673
87935,51.09588443,-0.262990843
36052,53.46909908,-2.936722222
1047,57.77812647,-3.993936802
18031,53.67908273,-1.358446903
49137,51.96708471,1.350465289
87121,51.44789656,-0.409817003
52711,51.5116456,-0.078870553
83458,50.78666585,-3.285430695
62057,52.0000769,-0.715976052
78129,51.68649812,-3.395894422
19199,53.71717213,-0.507835368
80407,51.76837365,-4.369482635
79073,51.87248088,-3.992878606
19002,54.20987588,-0.293865188
81305,51.50493599,-2.562431865
72417,51.55026646,-0.183115237
54238,51.56430253,-0.106258811
74453,51.85278768,-1.469326769
86383,50.83904019,-0.815065358
87987,50.83422634,-0.219395497
80013,52.00412851,-4.994866467
80011,52.01155709,-4.985670246
55507,53.06029295,-0.912183161
18071,53.63251618,-1.374274772
66500,52.4711079,-1.912949025
86045,51.2906324,-0.830789302
10026,54.68969274,-3.520740396
40125,53.24953868,-3.13299296
62201,52.00365055,-0.49523342
33096,53.44382205,-2.384245344
32222,53.46186911,-2.081052691
89727,51.08288949,1.169514594
89731,51.08458808,1.153935481
86461,50.82938243,-0.578387118
50435,51.54943171,0.024380071
87627,51.43927809,-0.053131211
36064,53.55349173,-3.070905282
1127,57.60977968,-3.625947915
1012,58.35688348,-3.896886821
7012,55.95902295,-4.795247291
6025,56.82042583,-5.10612923
65601,52.57979397,-1.828024699
11221,54.25867489,-3.216062662
47242,52.11922336,0.056336531
89389,51.10402473,0.294570508
86321,50.79632618,-1.073968761
36063,53.56606768,-3.071827007
82071,51.34202439,-2.301006222
87097,51.31185994,-0.746973814
50014,51.83769259,1.243200888
17021,53.8203831,-1.769004665
35703,53.29582849,-2.723566702
82204,51.22726353,-2.309993133
87160,51.43393332,-0.349446099
32545,53.34876608,-1.98884364
74012,51.53302133,-0.728454034
26008,53.3996039,-0.769696039
26104,53.38610871,-0.768580774
4715,55.61834897,-2.806904149
65822,52.50179452,-1.980504734
6105,56.07985492,-4.825697723
16604,53.79659266,-1.382313322
9529,53.97842899,-2.105174754
6710,55.85523267,-4.129447541
6350,55.88768757,-4.364989203
9440,54.32143952,-2.326357516
71038,51.68661918,-0.381717416
35395,53.48853425,-2.672134456
6502,55.88565468,-4.079482601
79824,51.5964572,-3.641464767
79084,52.13324434,-3.529915203
1083,57.61302191,-4.688390919
35102,53.55941651,-2.694392613
32526,53.39291933,-2.231233849
87911,51.15648529,-0.161013916
73499,51.58902373,-0.555255396
50334,51.58190432,0.205990708
7233,55.80398385,-4.293000403
11567,54.06181141,-2.302850611
19215,53.74798242,-0.732248783
78353,51.68425057,-3.226577484
82332,51.0340263,-2.272619209
89011,51.3865632,0.54987892
6239,55.89733108,-4.282669893
87624,51.42445103,-0.083809919
8646,55.24631572,-4.848358848
15518,54.43939386,-0.793803366
40055,53.26743622,-3.797731686
7255,55.85867356,-4.258477284
7257,55.85974964,-4.257628884
6399,55.86234035,-4.250635673
6401,55.8621818,-4.251441533
17302,53.70905948,-1.342008197
36719,53.42837424,-2.459656643
3153,56.2748402,-3.731162478
6008,56.87238228,-5.449604783
8001,55.73888198,-4.674482194
3241,56.16234817,-3.143017104
32250,53.44448444,-1.949071039
68089,51.86556415,-2.238484179
88242,50.85916494,0.070105151
64111,52.89352767,-3.037171379
87057,51.18658109,-0.61884222
32226,53.45171797,-2.054772115
87734,51.21815313,-0.050058167
24004,53.53420689,-1.312809495
3032,56.49778246,-2.719549384
87083,51.21939382,-0.441828682
50412,51.56557815,0.110833738
46273,52.39124424,0.266851241
20002,53.70493274,-0.87421747
42002,53.22256739,-2.326468777
53248,51.66333611,-0.09458392
4710,55.84026774,-3.046518829
74291,51.52149273,-1.133028973
87997,50.8177113,-0.433058386
32055,53.46908838,-2.166208165
72419,51.55533623,-0.150744336
7011,55.962311,-4.816637304
79325,51.64872881,-4.035954476
21006,53.67672231,-0.337126444
53303,51.64260824,-0.097331917
11401,54.19573029,-2.902746989
78705,51.4676102,-3.18973267
44421,52.90649244,-0.642444906
86077,51.17005248,-1.620762072
65608,52.51500914,-1.852592679
88721,51.44134709,0.366672896
51311,51.4762462,0.321860672
15506,54.48958194,-1.115358929
50026,51.85176953,1.065184593
47311,52.05982006,0.193549048
21033,53.57577596,-0.130234863
67214,52.10920748,-2.318266082
70360,51.70352181,-0.709118581
48053,52.61218402,1.720909699
38202,53.38326957,-3.016414668
11215,54.24453219,-3.2455715
37073,53.25147878,-2.534269074
7303,55.93522595,-3.993091035
32107,53.53887358,-2.013840927
73415,51.54233072,-0.345814677
88699,51.45036941,0.280317846
7015,55.94533199,-4.752614086
7013,55.94732832,-4.76781323
88433,51.47813364,-0.013313806
9085,55.00105072,-3.065200688
21134,53.57434433,-0.075622257
21122,53.56345121,-0.086988194
34022,53.30557707,-1.626295438
15522,54.4361258,-0.724981054
88481,51.43086138,0.021751853
87052,51.23696452,-0.580404167
17051,53.87594736,-1.715083137
87138,51.49167662,-0.275263818
84208,50.51606914,-4.219435492
48010,52.86637323,1.349136746
41031,53.0725889,-3.017888551
15503,54.53290245,-1.179405416
21021,53.60609675,-0.269465948
87667,51.37786927,-0.153882257
52044,51.5471045,-0.056030624
52736,51.54875707,-0.060792166
52040,51.54341038,-0.024892141
69505,51.77085904,-0.942115259
48197,52.52881109,1.623031392
32255,53.46075953,-1.965317729
54008,51.66849847,-0.176147407
35140,53.53386729,-2.494821177
52078,51.53870534,-0.075639719
65934,52.42250241,-2.146411796
7609,55.76195947,-4.219996806
37224,53.37873242,-2.347355608
49107,52.34683652,1.50569763
36704,53.36449368,-2.830134048
18464,53.72097401,-1.853576581
66442,52.43692223,-1.84564475
29179,53.59743713,-2.413107683
36066,53.49750083,-3.049624506
89202,51.35247581,0.444960716
13305,54.96785356,-2.4635723
89431,51.06837586,0.854539794
86222,50.87136299,-1.329152012
7479,55.7731887,-4.038874179
7480,55.77885491,-4.054796622
16118,53.99634482,-1.284101917
88252,50.7963993,0.279384249
72418,51.55521088,-0.165679801
87158,51.41593287,-0.372097472
87181,51.40255347,-0.342726283
87162,51.41452253,-0.312467833
69213,52.42904631,-1.699922775
65669,52.53108225,-1.928972627
86951,50.72518046,-2.01935108
74451,51.8251626,-1.373508269
32566,53.34650814,-2.213632443
73261,51.51183396,-0.338561337
29057,53.78162692,-2.316911496
64422,52.86134256,-4.109197227
72033,51.53628917,-0.257643905
48521,52.45370848,0.909167409
62203,51.96206977,-0.495664827
47603,51.79037004,0.132334505
47611,51.7810745,0.095158903
50333,51.59276634,0.233154232
62422,51.81465017,-0.351456166
89406,51.24483084,0.672429973
54202,51.57735908,-0.105110345
51561,51.57718291,-0.098118041
10057,54.61349119,-3.565514781
16102,53.99319043,-1.537613259
72007,51.5921691,-0.334548748
72017,51.59217809,-0.334548419
70381,51.57918563,-0.337203069
37005,53.2417721,-2.553627674
65961,52.33450742,-2.221114218
14225,54.68676456,-1.207330651
7436,55.81147612,-3.83931179
49422,51.94415745,1.286712143
87062,51.08864146,-0.719142235
87973,50.92460907,-0.145925636
88285,50.85789013,0.576770971
72005,51.60941833,-0.368579032
53501,51.7638835,-0.215564625
23022,53.58873401,-1.023381804
50217,51.77987043,0.592150047
34015,53.32578858,-1.651717299
32230,53.4452971,-2.040309672
66436,52.29529095,-1.672964023
86341,50.85441578,-0.981595703
44228,53.11449416,0.273170101
80122,51.80264332,-4.960235663
41017,53.18537279,-3.032080586
39005,53.21808822,-3.032716562
7116,55.84218395,-4.398836033
13313,54.97517994,-2.247595864
87615,51.42544578,-0.1887899
88329,51.37633242,0.01058395
73770,51.50309486,-0.420663335
85702,50.18555164,-5.4198875
4235,55.9458021,-3.218449784
87967,51.00567598,-0.105050599
32541,53.3775581,-2.122018444
17103,53.81798835,-1.594191271
72006,51.60265001,-0.357197341
32529,53.36943053,-2.236666158
21031,53.58182051,-0.160634386
78380,51.51642985,-3.181549945
78391,51.51566124,-3.181976793
73777,51.45826598,-0.445442717
73778,51.47140464,-0.454312503
73767,51.47005173,-0.490569529
32517,53.42557461,-2.179039844
18449,53.73760093,-2.009059899
44203,52.97733905,-0.293937014
86201,50.93230933,-1.294492064
65511,52.7101262,-2.001774435
15834,54.5969689,-1.581774731
6109,56.00419956,-4.732738414
6108,56.0123546,-4.729784726
9527,54.01087422,-2.227847871
1016,58.11742321,-3.658692813
38384,53.27521498,-2.771206123
71011,51.7423381,-0.490752049
63252,51.58006936,-0.238648558
78359,51.64740999,-3.224136998
66445,52.29150026,-1.783981905
74029,51.53418111,-0.900192586
18005,53.69856257,-1.114522137
76357,52.06116938,-2.708211682
89483,51.36459551,1.117755557
87249,51.45330374,-0.102263289
86003,51.3768091,-0.389937499
51702,51.79903917,-0.072912813
53241,51.79886098,-0.091759953
19195,53.71745477,-0.441827651
38033,53.32973128,-3.073702166
87762,51.18140675,0.095095699
13156,54.95157403,-1.555779122
13316,54.97346403,-2.094803493
74609,51.91919718,-1.299252326
89372,51.14940105,0.277359176
73503,51.6295876,-0.745390259
88755,51.42655727,0.466306499
52732,51.60834966,-0.000196097
81915,51.2181504,-2.972162826
52053,51.54608783,-0.103741027
54293,51.5461777,-0.103737289
36065,53.52512069,-3.057065425
89356,51.21448231,0.227617321
6303,55.92008502,-4.320258616
7152,55.85417588,-4.354995215
7150,55.85601458,-4.371565366
86332,50.82826459,-1.058782996
87185,51.37499512,-0.340501423
59318,52.53501444,-1.371912887
35123,53.54225088,-2.575500949
86913,50.75262807,-1.714119559
53221,51.9532882,-0.26345626
88451,51.45202358,-0.000918303
50318,51.60356001,0.659028691
89405,51.26517672,0.627878844
42004,53.19894617,-2.351138409
87937,51.18119035,-0.320783441
86961,50.71139649,-2.077838947
40001,53.30769955,-4.631007931
7397,55.81289321,-3.973918155
52042,51.54701172,-0.042332468
67356,52.10161097,-1.833732692
83461,50.79657023,-3.186728242
18489,53.60824202,-1.780966155
87628,51.44998713,-0.045479634
86049,51.27999634,-0.961618574
38302,53.29721313,-2.97700888
41025,53.11737184,-3.036876043
34010,53.34612512,-1.729885256
79098,52.3914279,-2.912057735
87909,51.1687702,-0.161026022
16101,53.97988261,-1.526827747
17105,53.8477195,-1.630232605
87941,51.06605922,-0.319242941
87070,51.2793431,-0.435385774
9513,54.14939623,-2.302035915
30225,53.57812055,-2.539665889
35024,53.59778246,-2.804420293
36703,53.37240571,-2.775066385
87141,51.46194419,-0.3622555
88103,50.83520859,-0.170659567
48031,52.71559598,1.408019294
71034,51.71774549,-0.344647052
19221,53.76472995,-0.860467771
7102,55.81055814,-4.563040481
52080,51.53151157,-0.075654844
1008,58.51360836,-3.452127521
38004,53.39022627,-3.178829415
44207,52.9753743,-0.110521803
55098,53.03830141,-1.195807841
18474,53.64851581,-1.784691514
19105,53.74416957,-0.345686077
33094,53.45224318,-2.327537471
29059,53.77179012,-2.347561176
74815,51.41490706,-1.512271599
19004,54.17394331,-0.314571764
45201,52.32866155,-0.192047073
2021,57.44447167,-2.775741103
87753,51.2444269,0.003965639
19018,53.95587374,-0.433871415
36605,53.40969812,-2.84298843
32216,53.45189791,-2.085249327
32214,53.46481432,-2.085456676
44068,53.19502495,-0.600195233
6354,55.87974722,-4.314653456
50030,51.88564901,0.927557437
7002,55.92943974,-4.827219754
87933,51.11561659,-0.214744068
50423,51.55911694,0.069706201
56547,52.97960975,-1.294928246
17055,53.92477718,-1.822030552
72245,51.47494819,-0.182798363
35121,53.53892572,-2.611518641
38379,53.27662137,-2.816522
50227,51.66704483,0.384273439
2029,57.33748266,-2.617114617
1053,57.68900142,-4.174839985
3067,56.45646294,-3.057400457
3331,56.03467079,-3.396184949
7004,55.90609751,-4.872565649
1035,57.92485071,-4.39947929
2031,57.28625108,-2.373564482
49211,52.05060519,1.144456305
33097,53.43432441,-2.433228913
8401,55.61087081,-4.675124714
87142,51.47476101,-0.336885064
74558,51.82575818,-1.238163095
73810,51.50850275,-0.506706334
84067,50.39339525,-3.904228393
15504,54.55204195,-1.208583454
65210,52.48944774,-1.913207474
80111,51.75675796,-4.996362935
7105,55.83470251,-4.503620579
6352,55.88269954,-4.324902744
31567,53.54415353,-2.375117578
89519,51.14938019,1.272092939
17011,53.86797553,-1.90165245
2015,57.55088159,-2.954069076
50113,51.84071018,0.702413469
6230,55.89354883,-4.309557568
75018,51.67699751,-2.022809451
62040,52.09222809,-0.503891793
87154,51.42098183,-0.409729934
89400,51.297184,0.247455561
11007,54.33210365,-2.739648657
87810,51.32477441,-0.100899115
46279,52.27727867,0.490492393
7227,55.81330947,-4.325232004
72272,51.53054033,-0.225063307
72413,51.53455423,-0.219932578
72241,51.49789825,-0.210340323
88314,51.41221267,-0.045221199
63551,51.55049566,-0.140339026
72420,51.54654847,-0.146629699
72008,51.58180172,-0.316958174
11341,54.17291056,-2.925228821
61009,52.39356806,-0.731546953
87147,51.48951172,-0.2870852
87136,51.47707175,-0.285031
84201,50.38986438,-4.179628415
81507,51.41797285,-2.495628718
88417,51.46211999,0.027523501
65935,52.38449468,-2.238466385
43031,53.0865805,-2.244815739
79019,51.73434782,-4.317009582
72313,51.53727778,-0.19221251
15512,54.47776871,-1.068157828
1015,58.17079356,-3.869110559
80215,51.73211469,-4.715186024
8712,55.61211526,-4.498664449
8704,55.63720482,-4.530470211
6205,55.92469356,-4.453396596
8105,55.65594704,-4.709997787
1013,58.25829685,-3.941213115
54311,51.53088366,-0.12290012
46220,52.75394452,0.40346248
74465,51.90225644,-1.628773112
3283,56.06933079,-3.174155342
71022,51.70636018,-0.43840004
66510,52.41430354,-1.932319087
83231,50.93606517,-3.905431535
7235,55.81953737,-4.246502738
69429,52.0213599,-1.28091375
4118,55.91880716,-3.264964968
87161,51.41274923,-0.301143881
87709,51.29472171,-0.211222081
1147,57.07776639,-4.052188802
74805,51.40251869,-1.445972825
50016,51.84140828,1.215023828
23026,53.56389678,-1.074065329
36050,53.48620488,-2.902827998
56243,53.1001157,-1.25305413
9436,54.45486483,-2.368601103
11223,54.23271617,-3.187375862
3272,56.11205061,-3.167029812
8841,55.38830461,-3.998490809
36057,53.44091365,-2.981116175
30044,53.78692859,-2.882937482
7551,55.81390796,-4.167090916
4112,55.88868496,-3.432507467
17140,53.82373393,-1.622482339
1024,57.97144744,-3.987217783
7298,55.85418267,-4.048386694
26004,53.48486013,-0.593915953
26609,53.34097649,-1.267179827
26591,53.33673382,-1.239844593
16113,54.0090376,-1.470421819
53228,51.86686037,-0.187264736
79087,52.34508364,-3.042194579
89341,51.34578842,0.130874175
18022,53.70655388,-1.2591813
79096,52.35987284,-3.096877718
37221,53.30180505,-2.371789096
65630,52.4778313,-1.900200287
3221,56.27377235,-3.122275962
88309,51.45624251,-0.019014898
51301,51.56752454,0.424319444
1031,58.00181084,-4.399891468
86293,50.6464633,-1.166338433
46266,52.44741702,0.535221759
80205,51.66719529,-4.873290811
7957,55.67360478,-3.773279728
11720,54.0487387,-2.807453827
87994,50.82707433,-0.323082733
65513,52.65655478,-2.020721237
7130,55.92451171,-4.585256731
29145,53.80484442,-2.448658056
73816,51.5080623,-0.541737392
65901,52.49388479,-2.004957921
56524,53.01807763,-1.331241471
7581,55.821127,-4.277325823
9418,54.69436344,-2.663689003
28003,53.23185821,-1.209341925
83235,50.85699291,-3.810659921
66434,52.34226464,-1.725681735
8221,55.79273714,-4.867177276
7496,55.7385911,-3.975499568
3001,56.83633402,-2.465931676
81422,51.45800825,-2.564430647
30027,53.83528081,-3.029985432
9416,54.75044239,-2.703213416
35447,53.42682405,-2.724976596
65610,52.4806558,-1.786005346
62211,51.90516578,-0.458476583
15516,54.46060428,-0.825730865
69300,52.28450356,-1.536198948
38009,53.40806167,-3.099591698
87685,51.29881446,-0.333208683
67219,52.04525835,-2.425858124
88453,51.44975325,0.013518863
17132,53.79564092,-1.548029825
59241,52.63144173,-1.12526743
87739,51.19389677,0.210521999
51013,51.54127525,0.640439672
70321,51.91631381,-0.676982206
85715,50.18411324,-5.436598227
85716,50.17876549,-5.440977503
89407,51.23448397,0.707789611
6454,55.92131198,-4.153877703
76373,52.22569164,-2.730340642
53104,51.97997099,-0.229237077
3203,56.37509254,-2.893716131
32516,53.4441776,-2.192668067
88221,50.87062476,0.011358508
88415,51.4656901,-0.013998642
30162,53.69886909,-2.687141461
51551,51.56972559,-0.008022916
51547,51.56355455,0.008443905
30021,53.82192733,-3.049270605
65316,52.68016161,-1.825412555
65315,52.68690915,-1.800236592
65311,52.68690912,-1.800221798
62047,52.04154535,-0.558905979
52705,51.51253621,-0.039775903
44038,53.22610736,-0.539922007
87755,51.17644797,-0.007137568
48058,52.62212597,1.489967884
5119,55.97644649,-3.595847107
87064,51.07130924,-0.800209629
84411,50.44685083,-4.469610231
87065,51.0435641,-0.892849642
78376,51.54457856,-3.185611563
73521,51.75223561,-0.808429421
38314,53.28552918,-2.943292034
31037,53.64300955,-2.094650366
86471,50.81009789,-0.545971777
87936,51.07974554,-0.307953655
46259,52.46239615,0.316581606
36080,53.4046152,-2.979167996
38183,53.40461532,-2.979152957
38182,53.40822236,-2.977746484
36091,53.35775857,-2.889142562
36192,53.35775868,-2.889127539
52741,51.51799092,-0.081399726
4025,55.90137788,-3.544345904
4102,55.87168727,-3.501565
64415,52.74151743,-4.077183206
64418,52.82086528,-4.110204077
79094,52.33643592,-3.213422458
78369,51.60325614,-3.233057888
78410,51.5084381,-3.228621842
64420,52.83617603,-4.123863427
64426,52.9206986,-4.057041783
79074,51.88535083,-3.986908765
79077,51.99531947,-3.802842884
79081,52.24236832,-3.379145165
40046,53.32093141,-3.827004391
40050,53.28395847,-3.809105879
79072,51.82104138,-4.003666906
79040,51.67387105,-4.161325823
40037,53.25730268,-3.983207156
40030,53.22096053,-4.209221472
79075,51.9402196,-3.893163377
79083,52.11430622,-3.554825654
79056,51.69114021,-4.078950374
79095,52.34963629,-3.161370304
78615,51.53758635,-3.440790951
76640,51.70030158,-3.135195478
78378,51.53274593,-3.181987702
40059,53.13886481,-3.794405396
79324,51.66150612,-3.884701791
78915,51.4097454,-3.48163025
79076,51.96259355,-3.871689494
79082,52.10471882,-3.632173831
64412,52.66679602,-4.087686831
78010,51.6340039,-3.453524055
6051,56.40200237,-5.04195397
6014,56.85524946,-5.191563039
6006,56.88094236,-5.663377065
6009,56.8553883,-5.290022403
3249,56.13532173,-3.312938689
1082,57.62173772,-4.80904392
7101,55.78714983,-4.616057153
7981,55.12305621,-3.353531435
18487,53.63474669,-1.800791709
52737,51.54115249,-0.057726231
88141,50.83665532,-0.136474475
87068,51.24064419,-0.565047741
70091,52.2947306,-1.086451542
56596,52.88500516,-1.287514863
9525,54.01684892,-2.255594982
15666,54.58922951,-1.030487916
66519,52.39643111,-1.98128348
87105,51.38517105,-0.594551006
88487,51.39615285,0.300392923
4817,55.97647835,-2.888347068
43044,53.04189735,-2.216448173
43501,52.98996821,-2.137009787
84421,50.35920966,-4.456199079
37209,53.26767902,-2.465201275
30142,53.72425888,-2.6874799
30330,53.57294207,-2.494265012
85101,50.40716402,-4.666005518
59002,52.77897307,-1.195922148
87247,51.46629666,-0.102156248
18461,53.74994042,-1.753407203
55501,53.00630294,-0.998415329
88313,51.42482843,-0.033319351
48104,52.47446164,1.749733447
76377,52.37128989,-2.71621537
62400,51.88231146,-0.414015487
62410,51.87244405,-0.395856288
85225,50.39002161,-4.747424674
76072,51.71413824,-2.53086465
65929,52.45993487,-2.115923001
86908,50.75828921,-1.52943824
86907,50.76090097,-1.537153372
83473,50.66222436,-3.440853069
83474,50.64828003,-3.431019959
30038,53.73929411,-2.964037153
32571,53.25935764,-2.12197899
64317,52.59514987,-3.854535951
79828,51.60993933,-3.654661264
36013,53.50648429,-2.930851527
82316,50.77999522,-2.569429103
74005,51.5186698,-0.722642139
89313,51.27716693,0.513990081
89403,51.27782753,0.521324577
89315,51.27046366,0.515803743
87400,51.3847272,-0.261250424
6001,57.00596561,-5.829579065
16232,54.13209175,-0.797232867
67209,52.12547734,-2.31950729
32530,53.36505617,-2.272978309
33087,53.47404639,-2.241993438
32000,53.47737582,-2.230907682
33092,53.4622085,-2.290652706
31510,53.48748249,-2.242596792
46215,52.49785491,0.177714157
49302,51.94906207,1.045269972
50431,51.55247604,0.046368395
38005,53.39479362,-3.171436119
80207,51.66016579,-4.791863003
12719,54.97277031,-1.604754032
56225,53.14211774,-1.198431771
56221,53.16357986,-1.201846423
46206,52.55990999,0.091216409
89328,51.17517274,0.493199114
89475,51.38543347,1.372029961
59401,52.47973706,-0.909319293
44043,53.38393449,-0.336899912
3226,56.20100648,-3.130788529
50105,51.88094864,0.783355353
74016,51.57099501,-0.766412165
32553,53.40070699,-2.057262197
18479,53.60319901,-1.930748729
36072,53.4466354,-2.995732555
15668,54.58742884,-1.018924807
69217,52.46720191,-1.755600059
89469,51.17068396,1.348248171
87100,51.40741075,-0.724379191
15502,54.54435423,-1.198498642
6233,55.89762375,-4.300730169
50438,51.54608138,0.005842744
63021,51.52252391,-0.162885788
10023,54.71132478,-3.49407484
57004,53.1384243,-1.558908263
57007,53.12237088,-1.556756266
32527,53.43307563,-2.209249742
7587,55.83772274,-4.288677295
8639,55.35473899,-4.685266436
88435,51.48262338,0.002940189
25316,53.41748279,-1.4128515
79825,51.60534317,-3.649006252
47248,52.09072601,0.008969964
75361,51.37981866,-2.144491868
49121,52.10445296,1.33826694
59125,52.76104951,-0.885862186
84401,50.42621425,-4.40925713
17041,53.89235213,-1.735513385
38006,53.39945547,-3.154267443
35016,53.64628622,-2.975802123
88488,51.38642145,0.356980604
7494,55.74870215,-3.978241983
87712,51.26415131,-0.150200208
78201,51.74462467,-3.377261463
78144,51.68664851,-3.336587811
44093,53.13890124,-0.391449089
13515,54.95875432,-1.665637546
24314,53.49100998,-1.288562467
86081,51.18238832,-1.260662011
16602,53.78885216,-1.326796714
89109,51.36244012,0.735387688
15449,54.57911717,-1.234731666
32542,53.3599737,-2.083352579
74722,51.39597322,-1.177691657
87059,51.16331342,-0.636928123
80102,51.71498455,-5.041005004
29161,53.73547175,-2.501733
63214,51.61309405,-0.249215511
62044,52.05384575,-0.532680601
7103,55.82510557,-4.533340734
11211,54.21083032,-3.271083733
31049,53.55132461,-2.171510618
6301,55.94135754,-4.31456473
70261,52.03429703,-0.774125505
89451,51.32917921,1.317244501
18441,53.67141425,-1.692547706
49313,51.94364159,1.081430266
87659,51.40773656,-0.154620298
87661,51.39294744,-0.15773117
37222,53.32915382,-2.333664079
3039,56.48010116,-2.818251295
73520,51.73576551,-0.829310829
81261,51.46834641,-2.588687071
3014,56.71278582,-2.472080472
36078,53.40857772,-2.989172521
38181,53.4085776,-2.989187562
54299,51.51849142,-0.088917245
35144,53.51628919,-2.351797514
18305,53.59501208,-1.304949287
6002,56.96969629,-5.821899407
83236,50.83188845,-3.7763855
87331,51.39611365,-0.199436263
11701,54.0703285,-2.869305671
86975,50.70101959,-2.313445984
38008,53.40722263,-3.113499878
67359,51.99228967,-1.700368935
64404,52.707142,-4.032177864
17145,53.7499376,-1.59098013
12132,55.16237933,-1.683087387
86059,51.37207753,-1.035490211
87139,51.46808516,-0.267082575
31613,53.55599628,-2.401185972
30039,53.7649888,-2.942931687
32109,53.51499389,-2.041279799
36185,53.37905255,-2.915442883
7119,55.8408229,-4.348277603
31303,53.5234345,-2.171020907
7466,55.79166934,-3.994316462
1100,57.47985239,-4.223359
87301,51.39519382,-0.239506998
88457,51.44021673,0.05008039
37065,53.23181887,-2.732223053
88161,50.8467144,-0.118813958
7236,55.82654916,-4.261117182
78130,51.68133368,-3.376353256
7295,55.84019615,-4.133655987
1094,57.5178285,-4.460230684
7567,55.80945292,-4.274377756
4803,55.93358501,-3.073205123
18451,53.72901627,-1.981426975
19015,54.01124098,-0.386087574
81903,51.41940442,-2.750637976
1125,57.58022877,-3.871999753
42172,53.06358676,-2.518959044
80217,51.79937792,-4.72720418
59301,52.57130979,-1.20333661
37227,53.39539053,-2.343416723
79411,51.66236392,-3.807234154
49016,52.15260367,1.055290712
7237,55.78303198,-4.426936871
29033,53.8350189,-2.213761012
38035,53.29186531,-3.06307537
55603,52.96142944,-1.079845919
10197,54.45642433,-3.565836557
86219,50.87489759,-1.341892993
54011,51.64857583,-0.172971357
88317,51.41676716,-0.035247266
21137,53.5744021,-0.06081807
88410,51.47634228,-0.03240055
88392,51.47634252,-0.032414941
8834,55.40274096,-4.18432906
88459,51.43805803,0.070559573
21005,53.70194051,-0.360219367
89306,51.31300048,0.454958586
35020,53.61167644,-2.8677149
87169,51.40407223,-0.255916418
32555,53.36485612,-2.005670156
32544,53.35964252,-2.008524341
86911,50.75574178,-1.657805642
18651,53.80449755,-1.680796703
54031,51.61411462,-0.143012349
44302,53.08002242,-0.813156597
44304,53.0817768,-0.799851014
76634,51.66581533,-3.142893804
74803,51.39764699,-1.322842286
74798,51.39845827,-1.307779803
12931,54.9684071,-1.61729244
83476,50.70502878,-3.472797657
4718,55.93311542,-3.090847046
88236,50.78978447,0.05502083
88231,50.7948487,0.054973353
89021,51.35334054,0.668600349
47004,52.23795805,0.406236094
47331,51.97987679,0.215166605
76401,51.58878919,-3.000549516
85261,50.41508416,-5.075698806
55095,53.06999918,-1.221784712
7416,55.81877244,-4.133041277
83624,50.52957096,-3.599181694
15833,54.61371113,-1.58965538
32224,53.45639466,-2.06714222
8605,55.47405297,-4.625805468
83322,50.77891661,-3.589404397
35321,53.45307501,-2.613597161
6125,55.97042312,-4.5861082
4711,55.86699143,-3.069369234
1151,57.0591302,-4.119103557
64307,52.5123271,-3.311394746
78511,51.47661514,-3.20170246
7225,55.81192905,-4.359943913
87163,51.41235554,-0.284002633
87633,51.41144392,-0.12189996
88272,50.8260973,0.389490971
18041,53.70053462,-1.423403885
4824,56.05703023,-2.730747108
87012,51.27579212,-0.731180983
87608,51.45450898,-0.087891651
50307,51.64858746,0.681687041
32210,53.47464223,-2.113710025
40060,53.14383649,-3.802731652
3338,56.01249421,-3.394582455
15846,54.53620924,-1.553958546
87137,51.46515277,-0.287853068
48013,52.81691221,1.384475311
72010,51.56259616,-0.303961346
15883,54.33308247,-1.441282341
70100,52.23751392,-0.906638675
66513,52.40820504,-1.965844359
88709,51.44584449,0.324362888
63003,51.5575392,-0.359444354
51929,51.60196892,-0.053906743
37129,53.26146543,-2.496915481
42312,52.86671261,-2.190541671
48231,52.62717645,1.306843754
87643,51.39701692,-0.075195755
55247,52.94709295,-1.146378775
69021,52.52638611,-1.463866101
88413,51.46682664,-0.052246904
15501,54.52789168,-1.169462149
86363,50.84605859,-0.882928147
87731,51.22680965,-0.132504788
64822,52.69341097,-2.450192542
59135,52.67223238,-0.7341606
54021,51.63767917,-0.166183546
6041,56.41247099,-5.473909213
51309,51.52199142,0.290497438
87938,51.15150644,-0.335987607
83311,50.732371,-3.996237
65925,52.47094708,-2.05618476
36015,53.48690942,-2.951070329
54297,51.5258318,-0.088508843
81503,51.37922569,-2.380506654
66461,52.4385245,-1.804303043
88288,50.86694276,0.591596778
36001,53.56928698,-2.881191341
88491,51.37329514,0.089116942
36042,53.53032592,-2.708837487
36028,53.46191237,-2.963314556
89348,51.31315516,0.196806065
48120,52.4777845,1.715735804
49101,52.4696271,1.707683949
18064,53.7153019,-1.510403278
38316,53.28406185,-2.924060309
86070,51.2542902,-1.259250251
11012,54.3049348,-2.721871682
74446,51.75349956,-1.270135211
74436,51.80407588,-1.274467944
87193,51.33639295,-0.362396066
87751,51.2579046,-0.004807199
87752,51.25790436,-0.004792877
73000,51.51599537,-0.176149217
89331,51.18226337,0.389177691
36714,53.40580391,-2.556810848
83631,50.43470238,-3.564891631
7115,55.84007084,-4.424102046
7140,55.84734325,-4.424491085
7136,55.85211145,-4.442427302
53307,51.61831524,-0.110411421
74281,51.4854012,-1.090449903
17109,53.95833794,-1.533472636
79060,51.77888289,-3.997448994
85111,50.35531158,-4.704716196
35026,53.59076864,-2.770747586
71032,51.72546166,-0.340252996
86929,50.72296624,-1.947948198
81819,51.43331623,-2.607744957
6359,55.8698813,-4.308791359
10059,54.57037453,-3.580800846
81116,51.5259302,-2.562691126
31742,53.48479223,-2.358243127
7561,55.79060497,-4.335284383
57452,52.89701164,-1.473209687
12124,55.17813211,-1.644178633
36040,53.53042146,-2.670354154
79031,51.68353269,-4.247864764
80202,51.67295452,-4.906057949
80201,51.69392322,-4.93808161
79092,52.27395235,-3.32193626
80209,51.6589263,-4.722086698
78715,51.43588735,-3.174449525
79798,51.52460833,-3.500492429
78356,51.67045634,-3.230109378
88475,51.41933151,-0.054194421
87645,51.41755276,-0.060813796
64407,52.54570066,-4.035034437
25389,53.52556206,-1.62278162
65005,52.72351355,-2.119289323
40042,53.27048053,-3.92351493
85513,50.15031638,-5.08323943
78132,51.66992516,-3.359955989
64427,52.92883953,-4.064569574
9312,54.6618112,-2.758884962
85511,50.17069849,-5.11165459
64419,52.83072046,-4.112166404
87738,51.19733356,0.173498798
78140,51.72501709,-3.362332012
64504,52.90289829,-4.338729673
41022,53.14310327,-3.054838311
85734,50.12166233,-5.532619283
85507,50.21656614,-5.112116113
65665,52.51649898,-1.901955189
67345,52.13056547,-2.071529617
3140,56.3920838,-3.439696012
45106,52.57499243,-0.249822581
87066,51.00671875,-0.941119761
88492,51.38861765,0.074506799
88271,50.81579249,0.324836209
88270,50.81745399,0.342935576
74818,51.3421884,-1.770665267
81118,51.55662449,-2.627116327
83453,50.7377727,-3.469346723
3102,56.70248835,-3.735567533
51016,51.56036075,0.506321245
29163,53.73097251,-2.544121067
1073,57.33354001,-5.665987949
89321,51.15646995,0.74742641
37211,53.27468867,-2.419660018
88201,50.92865658,-0.060154221
88522,51.48979371,0.084283672
84139,50.37781151,-4.143349336
86917,50.73107536,-1.825094318
88248,50.82123875,0.245168491
69007,52.62584782,-1.610532109
7583,55.82463461,-4.286870861
7228,55.82382053,-4.301591341
7577,55.84106096,-4.268588332
7589,55.83769333,-4.275738876
5111,55.98473148,-3.714965263
83447,50.73126841,-3.501961349
51918,51.64225597,-0.035054152
40062,53.06514601,-3.862725305
79057,51.71762532,-4.045565137
16722,53.69189831,-1.30335496
18025,53.69900082,-1.303691751
18028,53.69414495,-1.318917185
78343,51.74663435,-3.278966359
78608,51.52376733,-3.39292959
76245,51.69796514,-3.014242933
78215,51.59937047,-3.341386139
86935,50.71941654,-1.98331059
16124,53.97591374,-1.148605033
7128,55.93350706,-4.689806307
38210,53.34926614,-2.998028922
79701,51.59171993,-3.781330811
86248,50.84873843,-1.124225731
78015,51.61253768,-3.40719873
64501,52.93093059,-4.134453276
2109,57.06135939,-2.126619448
87986,50.83567442,-0.2053087
86313,50.79848279,-1.09089754
83227,50.9569945,-3.950601042
86311,50.79694988,-1.107827157
6242,55.89013794,-4.258498444
54001,51.69706957,-0.192581554
30041,53.84843886,-2.990618674
32577,53.35039962,-2.134409744
42226,52.89931784,-2.689660299
36611,53.42357278,-2.79917048
40101,53.33651321,-3.407132809
32573,53.29339847,-2.1454807
87975,50.84593644,-0.155139943
4811,55.95309254,-2.974771912
8523,55.5016968,-4.615135923
8521,55.50903457,-4.614149755
7226,55.81216553,-4.342880186
73508,51.71786286,-0.843858285
50314,51.55068975,0.710705543
13322,54.96583372,-1.864876083
87954,50.95735047,-0.516534108
51344,51.48101197,0.236795483
87800,51.34704322,-0.09883002
87801,51.33757628,-0.114009475
87152,51.46130121,-0.216450778
64511,52.88784988,-4.416706077
79785,51.52573564,-3.698068871
78146,51.66072825,-3.322813198
72311,51.5339664,-0.204960129
7575,55.83529827,-4.266735486
88407,51.47356506,-0.057287751
89124,51.41563804,0.749696011
87216,51.47496703,-0.146653193
85246,50.40404333,-5.028535795
36702,53.36072537,-2.855860789
55623,52.94880397,-1.037324654
63208,51.68519119,-0.317219754
74428,51.68620854,-1.240463854
78400,51.5163223,-3.248362597
36046,53.51712003,-2.789468508
51347,51.51672276,0.190662569
89018,51.36630439,0.611365897
35439,53.41713596,-2.766399506
89473,51.34081013,1.40649362
29146,53.77978878,-2.478133856
6035,56.6860288,-4.576859453
44105,52.98522508,-0.456600068
10206,54.35571448,-3.408815126
88473,51.41418609,-0.007530469
18439,53.675538,-1.655582241
20011,53.68905941,-0.960867084
50321,51.5892966,0.600010117
87271,51.409171,-0.230126973
74237,51.45878561,-0.971828015
74236,51.45878573,-0.971842406
74249,51.45550071,-0.990108383
40320,53.19670901,-2.879595235
51965,51.55850219,-0.068240632
86703,50.91992968,-1.470151348
15656,54.60990032,-1.112675735
15661,54.61623721,-1.070882534
15664,54.60926329,-1.052307228
32063,53.44942633,-2.156253127
32521,53.43594023,-2.158762527
66529,52.30633862,-1.945241379
87722,51.24019779,-0.165874145
81260,51.46838336,-2.59912536
85601,50.23324133,-5.225963474
87703,51.33111689,-0.123389962
48201,52.5645273,1.559675252
87089,51.24195526,-0.203799715
23491,53.31517297,-0.947883011
26208,53.3140848,-0.9447726
78385,51.52117951,-3.213974672
78901,51.38706366,-3.349395041
40013,53.23485382,-4.506648293
40076,53.31843827,-3.489107031
78341,51.75884005,-3.289308595
9508,54.2058548,-2.360859457
36053,53.45778555,-2.962317516
87135,51.46305863,-0.301535769
87132,51.46314642,-0.30138855
70371,51.64024853,-0.473261147
87744,51.33248348,-0.09936044
62049,52.02641155,-0.59453451
13319,54.94874147,-1.971564357
76630,51.60584802,-3.092217344
29066,53.76382804,-2.420157102
89396,50.98492828,0.468811701
36603,53.41005541,-2.855933167
31033,53.61032141,-2.153522435
85233,50.4185299,-4.830239342
89004,51.38554715,0.5103104
50316,51.58173229,0.702332206
1027,57.98869515,-4.158187855
76628,51.59561741,-3.066618572
55509,53.06530221,-0.899670367
40064,53.04442951,-3.921653355
50401,51.57482953,0.183264486
32552,53.41402643,-2.089325021
86101,50.9925201,-1.493133547
11261,54.11517183,-3.194565434
32550,53.3962379,-2.076520392
3323,56.04551116,-3.427303055
24799,53.43227024,-1.360435845
87566,51.50081592,-0.052022117
48009,52.91804683,1.299813359
87067,50.89216187,-0.957454833
65923,52.47733926,-2.030868914
6028,56.88834643,-4.837231155
47621,51.77549078,0.036278961
53004,52.05308866,-0.026892454
41403,52.98714841,-3.043137925
30155,53.63447714,-2.807840228
70030,52.37910962,-1.250471104
65504,52.75439256,-1.936834324
43331,52.76967085,-1.929846586
36501,53.33870903,-2.73925218
35701,53.32758176,-2.665697553
44095,53.04148441,-0.380756949
15526,54.4702039,-0.627787905
7280,55.83058676,-4.21209021
86298,50.73285554,-1.159604997
86299,50.73917226,-1.160115459
86297,50.72435319,-1.156555279
32062,53.4565937,-2.173086511
89439,50.95236516,0.73072642
51717,51.76941687,0.00565556
31519,53.48309784,-2.254838293
31521,53.48660237,-2.27574769
87905,51.20174375,-0.162462404
48033,52.67559893,1.391438472
17017,53.83850617,-1.790482945
84301,50.40734132,-4.209142807
15671,54.58346292,-0.974148341
8125,55.63387859,-4.784268236
20007,53.72194307,-0.809490165
30050,53.78155434,-2.817035313
83312,50.77009092,-3.948912382
18069,53.66309364,-1.481421076
42012,53.15018337,-2.393505121
87743,51.34828097,-0.093652085
36076,53.42995169,-2.991489699
87008,51.34692946,-0.804574046
89742,51.09037101,1.066075179
86294,50.65685777,-1.162377072
84418,50.38673799,-4.464515586
65821,52.50867283,-2.01158988
89462,51.26990926,1.342596794
45603,52.12474361,-0.281167443
36706,53.39247565,-2.650469323
8845,55.37016884,-3.924510177
79808,51.5387161,-3.589927512
80213,51.7220988,-4.716613033
73505,51.67590485,-0.825447061
47521,51.81435291,0.160438057
44017,53.26722396,-0.664039362
49118,52.21491327,1.490196664
16201,54.27980791,-0.405719639
1009,58.48297569,-3.55205728
6351,55.88513375,-4.352872495
22061,53.58619495,-0.650984134
81255,51.47999045,-2.649952744
11611,54.03315422,-2.913110909
14008,54.92954207,-1.386706888
88239,50.7728367,0.100161446
36070,53.46628295,-3.005621957
14156,54.83906195,-1.346350998
16215,54.24076825,-0.417045282
10203,54.39588269,-3.484510478
14239,54.65832084,-1.200443567
1071,57.27974674,-5.713800153
73501,51.60984578,-0.607798449
16523,53.78280266,-1.063790824
87637,51.39192563,-0.088274429
10201,54.41659312,-3.510455988
89511,51.27735592,0.940900333
66502,52.44199486,-1.935808363
9521,54.06692522,-2.28071703
50417,51.56402551,0.097126802
51955,51.58226802,-0.075244675
89351,51.27686241,0.181696483
81211,51.56002378,-2.664481246
76090,51.58467536,-2.777896532
52088,51.51128356,-0.056907737
87081,51.21431773,-0.566782414
86292,50.63389684,-1.179824381
4712,55.91993301,-3.078715991
86084,51.02211666,-1.327762459
7585,55.82920643,-4.292328712
89137,51.44106269,0.758562908
25701,53.37823622,-1.462110016
47239,52.14883799,0.140009525
50328,51.63087834,0.329878667
65341,52.63937421,-1.844194742
72242,51.5052843,-0.217630241
89517,51.18840294,1.22994081
18496,53.58875452,-1.704929896
87155,51.39680221,-0.446765629
47244,52.11417144,0.031347655
82339,50.94401375,-2.513073366
16497,53.79716846,-1.232688534
48008,52.94145416,1.210337959
6707,55.85353098,-4.160030269
65021,52.66608439,-2.371837225
15831,54.62617263,-1.636615749
74027,51.51146259,-0.88258307
17033,53.8330647,-1.773492797
46268,52.4302291,0.4133685
74464,51.86566025,-1.592679148
28105,53.20425974,-1.202438863
81252,51.48434694,-2.679277946
26252,53.32479372,-1.167990444
66441,52.4034336,-1.84517256
51001,51.53097515,0.795375064
86218,50.89674224,-1.364905366
52082,51.52337511,-0.075219638
89346,51.33221569,0.188917162
87991,50.8344188,-0.271693074
88474,51.40579844,0.001810154
40209,53.21255519,-3.038423651
41016,53.21355032,-3.037698955
7434,55.81864298,-3.798309212
64224,52.71194141,-2.749759196
88461,51.43386847,0.103820885
36061,53.62212032,-3.024713583
6600,55.85955784,-4.240103742
38184,53.40477934,-2.991957444
38151,53.40445043,-3.0575319
87701,51.37545185,-0.092754139
86202,50.91644382,-1.259224098
86087,50.96924039,-1.350073786
86527,50.91148569,-1.433834225
87071,51.29149163,-0.419942471
59017,52.73161197,-1.109981592
11210,54.22596465,-3.33444098
25387,53.53493284,-1.563479988
51950,51.61468871,-0.06721496
11405,54.16991778,-2.803841339
6215,55.90766437,-4.40547074
89144,51.34197658,0.734715172
44231,53.14320541,0.33434801
79408,51.661393,-3.84652448
9531,53.95869938,-2.025876013
88424,51.46778474,0.190518269
18477,53.62384258,-1.8815785
4105,55.92668214,-3.243455443
44113,52.9954939,-0.410340922
15524,54.46106573,-0.66249669
73822,51.5118803,-0.591492894
66420,52.46377442,-1.859387366
86296,50.71108929,-1.1541877
65900,52.50179452,-1.980490002
65824,52.49639849,-1.970638269
31035,53.633268,-2.113501236
20014,53.69313195,-1.028463006
89305,51.33022857,0.448270261
89516,51.21530335,1.213735094
88489,51.38314333,0.378125866
66431,52.41440392,-1.788383508
48195,52.51025453,1.652284618
72253,51.49969442,-0.270134453
15625,54.58384118,-1.176680801
88405,51.48813476,-0.054651659
87704,51.36296265,-0.093430648
18077,53.59462422,-1.284860963
73273,51.5337488,-0.336681675
7906,55.77748613,-3.956980181
4211,55.93634674,-3.299475156
72314,51.54143259,-0.17885249
72009,51.57021435,-0.308439855
87327,51.4029905,-0.205132905
16595,53.78234258,-1.250533212
73420,51.55691981,-0.3992383
51558,51.5803725,-0.072077209
59285,52.58224113,-1.134068469
50308,51.64946155,0.606532497
73663,51.50595558,-0.378589159
86495,50.95080516,-1.363086292
86353,50.84826565,-0.908090893
51944,51.64870583,-0.052410314
88226,50.83125797,0.030669726
50315,51.56867273,0.705079072
51007,51.53706664,0.711756048
51005,51.53897478,0.731844477
50311,51.54151479,0.711530212
50301,51.66062889,0.835221354
35001,53.64653334,-3.002432342
87988,50.83250789,-0.235934253
18448,53.70785979,-1.907022896
46014,52.78882567,-0.156872955
6027,56.8899957,-4.921595079
38214,53.33995185,-2.993906327
57435,52.91223609,-1.411089957
48429,52.53501805,1.08649896
66440,52.44342904,-1.837383541
6521,55.88193069,-4.230520297
3207,56.29496087,-3.052449734
30035,53.77734541,-3.050298633
71030,51.7447374,-0.342545591
63201,51.75047714,-0.327514794
81230,51.51276773,-2.696317434
30036,53.75304508,-3.02909639
85303,50.33950216,-4.789401
10199,54.49254049,-3.591149027
82313,50.91056717,-2.578987989
84295,50.40137678,-4.186841528
84204,50.40199527,-4.187432935
85244,50.39869456,-4.940798594
86499,50.92217873,-1.387749759
85721,50.17047998,-5.444303953
84397,50.3942592,-4.308436159
35405,53.45313744,-2.730303747
35449,53.43374005,-2.700258522
87335,51.3898981,-0.198745952
85711,50.20903411,-5.477963678
52734,51.58098108,-0.032891718
83435,50.73114335,-3.5220082
88411,51.46938925,-0.02269296
84416,50.42302588,-4.463555082
88283,50.85568926,0.560308742
87133,51.4552339,-0.320178103
51711,51.78784482,0.001296636
88493,51.39474763,0.106409983
36084,53.37561437,-2.952798208
45402,52.23157896,-0.247392109
63631,51.53251393,-0.126437618
63630,51.53239063,-0.127163598
63629,51.53216826,-0.12731691
14023,54.91144656,-1.383815537
43314,52.80390406,-2.122032154
87114,51.43245352,-0.503144735
21027,53.58711642,-0.183671124
32111,53.48459412,-2.062740554
45008,52.64784896,-0.480103931
51961,51.57446767,-0.076656316
51023,51.51436327,0.423066706
15816,54.74331664,-2.003270181
38372,53.27837656,-2.842051266
47344,51.88859693,0.260843162
47342,51.90144463,0.199807824
89326,51.17146447,0.550468641
81403,51.46750399,-2.566217578
16109,53.99901263,-1.501135192
83602,50.6277844,-3.447717614
86520,50.9074381,-1.413587368
9161,54.89065689,-2.933195323
11003,54.37553977,-2.818864826
65611,52.48483368,-1.811019485
17009,53.90004447,-1.944722722
6503,55.89013036,-4.14079474
53223,51.90169282,-0.207085912
8123,55.63427529,-4.750768001
62043,52.06908901,-0.520669901
8703,55.68214948,-4.518040387
3401,56.11980846,-3.935612724
32534,53.4055534,-2.163011647
13321,54.94705416,-1.916768919
18494,53.59410124,-1.723249443
15223,54.56963298,-1.318556159
70358,51.78780053,-0.784062586
51963,51.56523284,-0.072861382
43211,53.00799585,-2.180986486
43308,52.90834053,-2.155039265
88697,51.45132834,0.26379941
72031,51.54411102,-0.275804927
89393,51.01996265,0.363895734
2113,56.96680747,-2.225304056
68159,51.74589061,-2.27949565
87303,51.36339757,-0.24864076
65932,52.4475545,-2.133870314
65933,52.44759948,-2.133841023
65939,52.45559127,-2.141811842
4713,55.69241757,-2.865952199
49014,52.18972765,1.000036919
8653,54.90961197,-5.024713473
52226,51.54189514,-0.003368979
52215,51.54482827,-0.008749874
66449,52.20679126,-1.730834512
66451,52.19426066,-1.716279287
1077,57.42271065,-5.428605482
87134,51.43896104,-0.339336889
87613,51.42580636,-0.13152432
87631,51.4187281,-0.135983792
87621,51.43819127,-0.127134207
18032,53.67617002,-1.400121306
32554,53.37505345,-2.033914812
1075,57.35227436,-5.551150724
88801,51.39654644,0.500216298
68161,51.74462519,-2.219378602
89449,51.30107165,1.122284817
32528,53.34834449,-2.24045499
5009,56.02269763,-3.830573379
63005,51.55439841,-0.315445298
63004,51.55846528,-0.335780793
50111,52.03628944,0.735475836
79079,52.08227775,-3.686960176
6236,55.89882913,-4.291523766
87157,51.41831182,-0.417761392
14031,54.90534609,-1.382317913
88470,51.4137795,0.021472413
87104,51.39193893,-0.633022668
87109,51.47028762,-0.559356212
87171,51.39245705,-0.303936017
87572,51.49319559,-0.047492342
56237,53.11410946,-1.245565774
87671,51.3595302,-0.191189654
65603,52.56495582,-1.824836999
87339,51.37488791,-0.196317542
89111,51.38923679,0.747163692
88486,51.39338484,0.169251535
88705,51.44906848,0.309572079
79304,51.62514878,-3.94156429
86225,50.8756584,-1.26584048
86909,50.78469199,-1.609987895
86497,50.94113799,-1.376398523
44073,53.16957523,-0.702677431
75012,51.56547175,-1.785499585
44205,52.96982462,-0.187160147
24108,53.48625742,-1.305822659
35146,53.51484775,-2.337459324
87626,51.42724565,-0.054217967
88278,51.43271221,-0.080313604
87143,51.48178336,-0.324820059
59024,52.69422825,-1.082391905
74605,51.88124402,-1.297517856
87708,51.29163383,-0.235939475
78220,51.54080383,-3.262947397
1044,57.81440337,-4.052050479
40057,53.22837762,-3.818267425
64425,52.9043218,-4.068161575
64416,52.77264457,-4.096603458
65671,52.55294629,-1.976206069
69001,52.63748971,-1.686457372
66002,52.63748967,-1.686442595
74001,51.52356304,-0.681352223
87707,51.30917961,-0.242584033
83009,51.02329574,-3.102749931
6048,56.43079296,-5.239589575
87159,51.42447883,-0.332684425
15711,54.51814248,-1.425322182
83607,50.54804783,-3.494676331
64827,52.68112067,-2.440969661
82338,51.00149541,-2.417722104
80211,51.67295197,-4.706727223
89149,51.33339329,0.807456481
87179,51.38909427,-0.339129978
74723,51.39384229,-1.24317019
36616,53.43659669,-2.75937341
65196,52.50538664,-1.964002736
66459,52.35915681,-1.844665244
74702,51.43345107,-1.074953012
51940,51.69245777,-0.034805035
46261,52.41914256,0.745098519
16001,54.22822299,-1.372596309
15316,54.55928138,-1.301424964
20055,53.61608144,-0.972335512
23004,53.60334831,-0.955114275
7619,55.81109326,-4.311693153
21008,53.65432242,-0.323027326
87635,51.39877547,-0.100280132
7611,55.76867259,-4.251148513
51004,51.53757263,0.761758165
44223,53.12311716,0.199418882
50024,51.84764683,1.161432204
87920,51.11691796,-0.161156824
88295,50.90110984,0.613080512
55503,53.02896143,-0.9622528
24003,53.54505966,-1.308786151
1001,58.5901619,-3.527555827
46401,52.25001832,0.80868304
51203,51.46235793,0.354068549
69209,52.39511802,-1.596838673
74271,51.47150866,-1.029795492
65809,52.53045547,-2.065695564
78346,51.72090846,-3.246390556
82335,51.06084476,-2.078995875
83038,50.91716893,-3.359656796
31031,53.71383092,-2.099660342
87403,51.37685719,-0.279437993
78006,51.64780231,-3.486198319
89363,51.19140719,0.271001089
79811,51.54736227,-3.595564959
64402,52.61355657,-4.123706116
78012,51.6197645,-3.448880248
87614,51.41984629,-0.16125218
83471,50.68620322,-3.464436113
83628,50.46111826,-3.543290286
83627,50.47317336,-3.546431001
83702,50.43584874,-3.688711854
51931,51.58830991,-0.059903914
86711,50.91787172,-1.482409
36011,53.54282123,-2.904484827
33093,53.45483236,-2.310631159
49409,51.94730123,1.255154861
78216,51.59146207,-3.325129696
78218,51.56829145,-3.290258722
78017,51.61015128,-3.380984696
78001,51.67224504,-3.536313894
78004,51.65753455,-3.505745043
49138,51.97654114,1.319566234
70411,51.80074744,-0.622414886
78142,51.71242846,-3.346755743
8519,55.54280928,-4.655278744
82085,51.31982591,-2.21433098
85501,50.26382821,-5.064859132
6029,56.88426139,-4.701311384
87611,51.43985957,-0.105050849
89375,51.13023008,0.262837464
51942,51.67262893,-0.04719009
57471,52.86415153,-1.682230671
4714,55.60573938,-2.759535174
87131,51.45002907,-0.33037179
74023,51.47553393,-0.863273851
40015,53.22257391,-4.474739256
78389,51.52153839,-3.19654318
64424,52.89379888,-4.078661538
6055,56.43332879,-4.714805129
66460,52.45412949,-1.83911034
64411,52.58559063,-4.09356766
87769,50.96873363,0.09640728
7419,55.82352211,-4.086684824
21011,53.61922104,-0.300831729
16493,53.85362816,-1.213976821
11311,54.19159186,-3.097915054
83226,50.99674123,-3.982909295
66501,52.45125509,-1.936678001
38201,53.37266495,-3.010826142
30120,53.7568737,-2.708124654
54203,51.58646186,-0.111949417
4028,55.91903645,-3.502115905
36044,53.52839387,-2.741404866
50392,51.55910809,0.250911561
51351,51.55901824,0.250907126
87156,51.41306542,-0.430884832
63641,51.56363221,-0.129486946
6039,56.43464986,-4.703705703
87745,51.30850872,-0.077924319
38031,53.38650274,-3.084151476
86978,50.64825973,-2.466135365
33095,53.44828489,-2.353795851
43605,52.89680667,-1.857251734
40012,53.28130036,-4.56337525
87106,51.40180017,-0.562154696
87662,51.36739574,-0.117310517
89392,51.07345649,0.313201078
44225,53.10515217,0.234731054
18058,53.67867346,-1.488572488
18067,53.6830885,-1.50611271
35142,53.51978971,-2.396319037
38010,53.43741587,-3.047963045
38018,53.42801875,-3.069705121
38016,53.42290034,-3.069125228
87663,51.36038382,-0.150807655
4809,55.94027865,-3.014954745
89467,51.20332895,1.382904715
65553,52.58441235,-1.984749434
31039,53.69627331,-2.104464689
51912,51.68506199,-0.026532038
52733,51.58291894,-0.01978777
51553,51.58150312,-0.023818754
36029,53.45622981,-2.965746206
86004,51.37292824,-0.414613961
50011,51.84617928,1.267699275
87016,51.24451859,-0.667568789
87220,51.44618346,-0.163360626
87207,51.47021557,-0.138494355
87153,51.46104661,-0.18810091
51545,51.55169271,0.026240194
52090,51.50438751,-0.055904413
86342,50.8534344,-0.967140715
51707,51.80796496,-0.02875346
86964,50.69287626,-2.115240968
74028,51.49815923,-0.87649762
82114,51.20676978,-2.17672835
87939,51.09289642,-0.329437087
35531,53.38602253,-2.602363261
36711,53.39183054,-2.59316764
66437,52.28655278,-1.581842441
69315,52.28611631,-1.612045877
66291,52.51859876,-1.743082949
47051,52.26231774,0.196819358
89325,51.2497317,0.422494849
88402,51.50407578,-0.108872587
36069,53.47496773,-3.025534343
87212,51.50329828,-0.113083451
72002,51.6526582,-0.391687928
71040,51.66391121,-0.395901975
72000,51.66353263,-0.396493734
71039,51.67570759,-0.389902203
46252,52.67319061,0.383333593
53230,51.85644306,-0.119400763
78509,51.48819492,-3.229661328
36599,53.40520655,-2.922908709
43305,52.95106329,-2.170821057
50025,51.853109,1.1155133
17107,53.92319149,-1.581220919
53801,51.7363551,-0.210669124
88419,51.46479702,0.10171671
61100,52.30379495,-0.676633891
64813,52.70131892,-2.517162692
64304,52.6575073,-3.139869053
53401,51.80105291,-0.204046219
53229,51.82350255,-0.192067201
42231,52.85642245,-2.718013682
72021,51.55232519,-0.296409492
72020,51.55232498,-0.296395076
63006,51.55441579,-0.285584905
7001,55.87613756,-4.889059317
70359,51.76176175,-0.747347627
11561,54.12371459,-2.587511735
36187,53.36913947,-2.906964065
72243,51.48706059,-0.195568731
66452,52.22301072,-1.756002921
86023,51.33922231,-0.505464599
4101,55.85379823,-3.567011776
87651,51.37842581,-0.102560169
73780,51.51005464,-0.47221373
88273,51.44071627,-0.091345571
73255,51.5135046,-0.320110822
86122,51.07054077,-1.8063772
52702,51.5284892,0.005458732
72416,51.54746816,-0.191159392
63451,51.54847639,-0.191811705
51305,51.56794555,0.340672128
29050,53.78620613,-2.282796639
8202,55.69615043,-4.851722934
38001,53.37318772,-3.183770523
89410,51.2920177,0.418682179
87622,51.43174583,-0.103804037
73425,51.56975855,-0.437746766
48006,52.93555276,1.245475666
88279,50.85314786,0.539964824
87673,51.36585103,-0.205148288
88327,51.38129946,-0.014404897
88111,50.81834425,-0.392959954
82101,51.26698014,-2.19917775
51009,51.53733553,0.691495026
88437,51.48420154,0.018420535
89743,51.09496072,1.038081763
4116,55.9143115,-3.284337976
49151,52.08099541,1.165935981
6221,55.90479987,-4.334864609
89478,51.38145012,1.338388844
35125,53.55568483,-2.523726752
81909,51.34846578,-2.942391617
81911,51.34431454,-2.971668315
13299,54.88384565,-2.831717357
86981,50.61530239,-2.454218677
32546,53.33024896,-1.984644195
29144,53.82402959,-2.412252874
57011,53.08333052,-1.504083448
7342,55.85368612,-4.018643882
83460,50.76801617,-3.354334888
7006,55.93836377,-4.746674513
35437,53.41388309,-2.796431193
15531,54.48462292,-0.615419472
86071,51.23753909,-1.337731418
42221,52.96807233,-2.671697355
78383,51.52075032,-3.223260096
51951,51.60503726,-0.070888494
50208,51.83891911,0.595891312
52084,51.51946867,-0.059730347
7563,55.79031619,-4.310143069
10101,54.55303721,-3.586933958
80303,51.81803893,-4.614417794
18008,53.69914751,-1.158283999
66444,52.39184443,-1.85153147
89489,51.35758497,1.033325044
46138,52.54954581,-0.118971874
47303,52.10359813,0.165645879
87126,51.44960542,-0.35765994
26247,53.27998058,-1.200205438
87811,51.30995507,-0.081121089
87812,51.30338377,-0.076890044
1005,58.44155279,-3.096864489
50324,51.6150252,0.519212969
49119,52.15111557,1.39871082
12119,55.24130851,-1.616487336
36705,53.37851115,-2.73353703
66462,52.39594846,-1.774362829
35136,53.54367471,-2.633273218
35111,53.54483467,-2.633184877
9221,54.82912217,-3.164345494
79807,51.5208702,-3.579648939
72275,51.53249668,-0.244523943
72277,51.5320279,-0.243244345
7565,55.79368018,-4.290320929
57604,52.85366093,-1.563356429
32568,53.32686238,-2.226326005
66003,52.61072719,-1.679707408
87323,51.40955585,-0.214006891
88297,50.93376047,0.702291976
86083,51.06720315,-1.319687855
86047,51.28494777,-0.906960577
53305,51.63394291,-0.10087417
11001,54.37960967,-2.903394177
73824,51.48326781,-0.610363212
87111,51.48564999,-0.606517296
87003,51.43028188,-0.876839876
87001,51.43674098,-0.89131274
37011,53.19052521,-2.494597535
7945,55.77203797,-3.926414132
50211,51.80597543,0.639157102
87061,51.13315607,-0.645762346
89323,51.1657114,0.627512418
65663,52.5123926,-1.884429704
87969,50.96428999,-0.120763205
50028,51.85653967,0.95616737
62053,52.01816023,-0.654062021
86031,51.31846635,-0.556940143
87004,51.41121712,-0.842524974
87746,51.29015486,-0.051842864
65043,52.58785846,-2.119507978
70215,52.06588739,-0.804246241
25309,53.51736279,-1.416163594
66458,52.34369339,-1.844205505
52729,51.58658035,-0.002378308
49124,52.09046015,1.317801221
51541,51.54926313,0.044450148
7129,55.93119834,-4.655382137
25824,53.36376065,-1.35755319
17189,53.7568022,-1.442882932
32218,53.42926793,-2.093270097
87711,51.31901633,-0.154236357
32539,53.38648857,-2.142085434
86971,50.68162609,-2.22145614
86215,50.89891206,-1.377048437
88517,51.48990762,0.069220901
88516,51.4911258,0.05466864
66456,52.26691277,-1.78468764
67195,52.19515525,-2.221592174
87302,51.3812497,-0.245143331
67116,52.19473689,-2.209403471
10050,54.64510166,-3.558500512
26222,53.31152524,-1.122771171
81906,51.35803182,-2.909626373
87045,51.28901311,-0.582558484
48016,52.77745206,1.40410263
87995,50.81848927,-0.376146006
49321,51.9395206,1.171528213
87108,51.45770721,-0.541903164
42211,53.01940212,-2.595946853
19224,53.77294227,-0.924353781
41111,53.04620272,-2.999052735
41130,53.05024642,-3.002443325
89441,51.18501104,0.929333901
13327,54.97497761,-1.814073541
65604,52.54572653,-1.831400904
48425,52.56543389,1.118048241
66446,52.37994913,-1.865527267
36151,53.40732365,-2.977725881
89327,51.22648015,0.41219243
66443,52.42151524,-1.854373775
15876,54.49390871,-1.351557347
81103,51.54059969,-2.432519966
81905,51.39101011,-2.827783194
83319,50.77691359,-3.727136671
82341,50.92473928,-2.612457127
82311,50.94451787,-2.613428445
82314,50.8957551,-2.573756491
78002,51.66497335,-3.521608234
6347,55.8925793,-4.386271306
16416,53.95798222,-1.093190755
42241,52.80897057,-2.736458132
78362,51.64093569,-3.241305165
78008,51.64364138,-3.466695344
88315,51.41110187,-0.025891342
64428,52.92601714,-4.084594365
87603,51.47512706,-0.040380261
87609,51.47003291,-0.069381374
87601,51.50506372,-0.086064266
87214,51.48618908,-0.122857203
87201,51.49525684,-0.144526773
86005,51.36176829,-0.457711361
87261,51.42127329,-0.206351295
87219,51.46418651,-0.17023683
